{
    "dc_per_class_pp_all": {
        "1": 0.8885480220332876,
        "2": 0.8515950479051397,
        "3": 0.9292230440729679
    },
    "dc_per_class_pp_per_class": {
        "1": 0.8885506214535817,
        "2": 0.849571315592434,
        "3": 0.9291721704339053
    },
    "dc_per_class_raw": {
        "1": 0.8885480220332876,
        "2": 0.8515950479051397,
        "3": 0.9292230440729679
    },
    "for_which_classes": [
        1
    ],
    "min_valid_object_sizes": "None",
    "num_samples": 20,
    "validation_final": "validation_raw_postprocessed",
    "validation_raw": "validation_raw"
}